<?xml version="1.0" encoding="UTF-8"?>
<project-private xmlns="http://www.netbeans.org/ns/project-private/1">
    <editor-bookmarks xmlns="http://www.netbeans.org/ns/editor-bookmarks/2" lastBookmarkId="2">
        <file>
            <url>src/GoblinsStoleMyBike/Attack.java</url>
            <bookmark id="1">
                <name/>
                <line>71</line>
                <key/>
            </bookmark>
        </file>
        <file>
            <url>src/GoblinsStoleMyBike/Main.java</url>
            <bookmark id="2">
                <name/>
                <line>88</line>
                <key/>
            </bookmark>
        </file>
    </editor-bookmarks>
    <open-files xmlns="http://www.netbeans.org/ns/projectui-open-files/2">
        <group>
            <file>file:/C:/Users/Carl/Documents/-School-/2019-2%20Fall/CSI-2999%20Sophomore%20Project/Goblins%20Stole%20My%20Bike/src/GoblinsStoleMyBike/Monsters/Goblin.java</file>
            <file>file:/C:/Users/Carl/Documents/-School-/2019-2%20Fall/CSI-2999%20Sophomore%20Project/Goblins%20Stole%20My%20Bike/src/GoblinsStoleMyBike/Attack.java</file>
            <file>file:/C:/Users/Carl/Documents/-School-/2019-2%20Fall/CSI-2999%20Sophomore%20Project/Goblins%20Stole%20My%20Bike/src/GoblinsStoleMyBike/Monster.java</file>
            <file>file:/C:/Users/Carl/Documents/-School-/2019-2%20Fall/CSI-2999%20Sophomore%20Project/Goblins%20Stole%20My%20Bike/src/GoblinsStoleMyBike/Attacks/Kick.java</file>
            <file>file:/C:/Users/Carl/Documents/-School-/2019-2%20Fall/CSI-2999%20Sophomore%20Project/Goblins%20Stole%20My%20Bike/src/GoblinsStoleMyBike/Main.java</file>
            <file>file:/C:/Users/Carl/Documents/-School-/2019-2%20Fall/CSI-2999%20Sophomore%20Project/Goblins%20Stole%20My%20Bike/src/GoblinsStoleMyBike/Thing.java</file>
            <file>file:/C:/Users/Carl/Documents/-School-/2019-2%20Fall/CSI-2999%20Sophomore%20Project/Goblins%20Stole%20My%20Bike/src/GoblinsStoleMyBike/Battle.java</file>
        </group>
    </open-files>
</project-private>
